k,parameter,rejection_rate,infinite_rate,finite_mean_statistic,finite_variance_statistic,family,side,parameter_name
10,0.35,0.0898,0.0106,1.030426880636367,0.14808560488896735,power_endpoint,H0,beta
20,0.35,0.0848,0.0066,1.022157603113578,0.0701950319204676,power_endpoint,H0,beta
30,0.35,0.0798,0.0068,1.015777462645348,0.04595580770777846,power_endpoint,H0,beta
40,0.35,0.0848,0.0078,1.010895272258906,0.03434492713869866,power_endpoint,H0,beta
50,0.35,0.072,0.0064,1.009333586941221,0.02649842744355598,power_endpoint,H0,beta
60,0.35,0.069,0.0064,1.0077730083177188,0.021976893177838294,power_endpoint,H0,beta
70,0.35,0.0744,0.0076,1.0079447415613492,0.019352822762733965,power_endpoint,H0,beta
80,0.35,0.0718,0.0062,1.0057497060646672,0.016525611473045668,power_endpoint,H0,beta
90,0.35,0.0676,0.0062,1.0048888572252992,0.014413400144580042,power_endpoint,H0,beta
100,0.35,0.0626,0.0048,1.005331439252699,0.013047484661707626,power_endpoint,H0,beta
110,0.35,0.0656,0.0048,1.0049478097635725,0.01180836464222831,power_endpoint,H0,beta
120,0.35,0.066,0.0046,1.0044414642202912,0.010851298462378579,power_endpoint,H0,beta
130,0.35,0.0622,0.005,1.0035693611875522,0.009917886280903307,power_endpoint,H0,beta
140,0.35,0.0624,0.0048,1.0028865746226945,0.009195666172562606,power_endpoint,H0,beta
150,0.35,0.0592,0.0054,1.0009908589571437,0.00842899464983644,power_endpoint,H0,beta
160,0.35,0.0638,0.0042,1.0008053122545773,0.008087252091962269,power_endpoint,H0,beta
170,0.35,0.0574,0.004,1.000774975696343,0.007479236442816171,power_endpoint,H0,beta
180,0.35,0.0566,0.0034,1.0004202602057164,0.006972313177372848,power_endpoint,H0,beta
190,0.35,0.059,0.0034,1.0000626261417531,0.006693478898749598,power_endpoint,H0,beta
200,0.35,0.0558,0.0028,1.000835117426255,0.00640660714129663,power_endpoint,H0,beta
210,0.35,0.054,0.003,1.0003146703072654,0.006106362472476322,power_endpoint,H0,beta
220,0.35,0.0538,0.0034,0.9999141207023593,0.005869707588293831,power_endpoint,H0,beta
230,0.35,0.0526,0.002,1.0004121224959297,0.005535583624110805,power_endpoint,H0,beta
240,0.35,0.0536,0.0022,1.0002238174615963,0.005379370344639463,power_endpoint,H0,beta
250,0.35,0.0536,0.0018,1.0000265679839446,0.005094993780015411,power_endpoint,H0,beta
260,0.35,0.0544,0.002,0.9996235092054289,0.004923003917298371,power_endpoint,H0,beta
270,0.35,0.0534,0.0026,0.9997359488651862,0.004703034342945198,power_endpoint,H0,beta
280,0.35,0.0518,0.002,0.9997697987096617,0.004548607084376193,power_endpoint,H0,beta
290,0.35,0.0556,0.0022,1.000125582995546,0.004399838773696851,power_endpoint,H0,beta
300,0.35,0.0538,0.002,1.0001593583315602,0.0042172713566865855,power_endpoint,H0,beta
310,0.35,0.0556,0.0018,1.00005849584438,0.00406856698330418,power_endpoint,H0,beta
320,0.35,0.0542,0.0022,1.0000672737776402,0.003911857123435917,power_endpoint,H0,beta
330,0.35,0.0562,0.0028,1.0002305626566144,0.0038069721519389177,power_endpoint,H0,beta
340,0.35,0.0552,0.0024,1.0003183950260754,0.0036889266699769037,power_endpoint,H0,beta
350,0.35,0.056,0.0024,1.0004537547913568,0.0035691181576403886,power_endpoint,H0,beta
360,0.35,0.0526,0.0024,1.0003994351787435,0.0034561654586947725,power_endpoint,H0,beta
370,0.35,0.054,0.0016,1.0004133916573472,0.0033890039146319867,power_endpoint,H0,beta
380,0.35,0.052,0.0016,1.000550296988553,0.0032905445097169985,power_endpoint,H0,beta
390,0.35,0.0542,0.0018,1.0003504867707484,0.0032274572474229246,power_endpoint,H0,beta
400,0.35,0.0528,0.0018,1.000316413024462,0.003149164624269967,power_endpoint,H0,beta
410,0.35,0.0522,0.0012,1.0001902533099527,0.003058585949257985,power_endpoint,H0,beta
420,0.35,0.0538,0.0016,1.000137495210644,0.002969944708164586,power_endpoint,H0,beta
430,0.35,0.0544,0.0018,1.0000284676897333,0.00290252715361332,power_endpoint,H0,beta
440,0.35,0.0528,0.0018,0.9998168152165124,0.002817813535119447,power_endpoint,H0,beta
450,0.35,0.0528,0.002,0.9996871713997632,0.0027595156921022736,power_endpoint,H0,beta
460,0.35,0.0516,0.002,0.9995384470448013,0.002700641553712784,power_endpoint,H0,beta
470,0.35,0.0548,0.0024,0.9996997755507127,0.002617651253099595,power_endpoint,H0,beta
480,0.35,0.0512,0.002,0.999875029157455,0.002561415873805207,power_endpoint,H0,beta
490,0.35,0.0528,0.0022,0.9999103620934223,0.0025106536354746497,power_endpoint,H0,beta
500,0.35,0.0522,0.0022,0.9999803948405711,0.0024729477619263723,power_endpoint,H0,beta
10,0.4,0.0108,0.0,0.8009499235204622,0.07014882214153981,power_endpoint,H0,beta
20,0.4,0.0062,0.0,0.8229235283887805,0.03791008311091396,power_endpoint,H0,beta
30,0.4,0.0042,0.0,0.839232422876527,0.02609150659320745,power_endpoint,H0,beta
40,0.4,0.0026,0.0,0.8527371340643792,0.02019726920045391,power_endpoint,H0,beta
50,0.4,0.0032,0.0,0.8643631900444289,0.01673258576372097,power_endpoint,H0,beta
60,0.4,0.0018,0.0,0.874780006913858,0.014463850604366668,power_endpoint,H0,beta
70,0.4,0.003,0.0,0.8847263329062971,0.012587329599229001,power_endpoint,H0,beta
80,0.4,0.0038,0.0,0.8921861949708338,0.011160285982912972,power_endpoint,H0,beta
90,0.4,0.002,0.0,0.89951795058623,0.009950789569601553,power_endpoint,H0,beta
100,0.4,0.0032,0.0,0.9063237629371877,0.009182882368211133,power_endpoint,H0,beta
110,0.4,0.004,0.0,0.9109955418114685,0.008538949730384274,power_endpoint,H0,beta
120,0.4,0.0048,0.0,0.9164300189651523,0.00791903823619057,power_endpoint,H0,beta
130,0.4,0.0044,0.0,0.9209475986062993,0.007365815517056036,power_endpoint,H0,beta
140,0.4,0.0042,0.0,0.9248210719865912,0.006871887061604235,power_endpoint,H0,beta
150,0.4,0.0038,0.0,0.9289351275400497,0.006471180809845936,power_endpoint,H0,beta
160,0.4,0.0048,0.0,0.9329686007175724,0.006268897000711814,power_endpoint,H0,beta
170,0.4,0.0042,0.0,0.9366313705081593,0.005903284520586911,power_endpoint,H0,beta
180,0.4,0.0058,0.0,0.9402043060169856,0.005598730247261428,power_endpoint,H0,beta
190,0.4,0.0052,0.0,0.943770734890904,0.005373077409768522,power_endpoint,H0,beta
200,0.4,0.0074,0.0,0.9469341634674946,0.0051325932731212665,power_endpoint,H0,beta
210,0.4,0.0076,0.0,0.9500321198902784,0.004931884498491806,power_endpoint,H0,beta
220,0.4,0.0066,0.0,0.9525471151333735,0.004658893947221926,power_endpoint,H0,beta
230,0.4,0.007,0.0,0.9557588526877273,0.004515514349745257,power_endpoint,H0,beta
240,0.4,0.0082,0.0,0.9583120626022344,0.004393991221236558,power_endpoint,H0,beta
250,0.4,0.01,0.0,0.961425171196904,0.0042336752383153676,power_endpoint,H0,beta
260,0.4,0.0114,0.0,0.9644143385487162,0.004107758590597157,power_endpoint,H0,beta
270,0.4,0.0134,0.0,0.9676690005499251,0.003999832416875725,power_endpoint,H0,beta
280,0.4,0.012,0.0,0.9697756613444121,0.0039107607466842284,power_endpoint,H0,beta
290,0.4,0.012,0.0,0.9720010559776462,0.003783423128382784,power_endpoint,H0,beta
300,0.4,0.0138,0.0,0.9737898569734829,0.003668524601406093,power_endpoint,H0,beta
310,0.4,0.0166,0.0,0.9760733719678069,0.003520975175242613,power_endpoint,H0,beta
320,0.4,0.0192,0.0,0.9785006659482925,0.0034340557437367134,power_endpoint,H0,beta
330,0.4,0.02,0.0,0.9803536500008165,0.0033612873067518662,power_endpoint,H0,beta
340,0.4,0.0218,0.0,0.9824548441683688,0.003260534234550524,power_endpoint,H0,beta
350,0.4,0.0234,0.0,0.9844514570477381,0.003208003156101071,power_endpoint,H0,beta
360,0.4,0.0258,0.0,0.9866085844559278,0.0031371773340026347,power_endpoint,H0,beta
370,0.4,0.0264,0.0,0.9886378635491383,0.00304751741170421,power_endpoint,H0,beta
380,0.4,0.0286,0.0,0.990465702725105,0.002956771038397258,power_endpoint,H0,beta
390,0.4,0.0304,0.0,0.9921326484694885,0.002911412182603727,power_endpoint,H0,beta
400,0.4,0.0346,0.0,0.9938820720766794,0.0028600642877733996,power_endpoint,H0,beta
410,0.4,0.0356,0.0,0.9958644594804713,0.0027817681353831214,power_endpoint,H0,beta
420,0.4,0.0396,0.0,0.9976379043851618,0.002712109257002663,power_endpoint,H0,beta
430,0.4,0.0394,0.0,0.9991886233484387,0.0026458454118687565,power_endpoint,H0,beta
440,0.4,0.0434,0.0,1.0007700506722832,0.0026201319637249617,power_endpoint,H0,beta
450,0.4,0.0482,0.0,1.0024428323800667,0.0025694588150253924,power_endpoint,H0,beta
460,0.4,0.0506,0.0,1.0039638853399142,0.002520831100067198,power_endpoint,H0,beta
470,0.4,0.0548,0.0,1.0053851002994156,0.0024973055387098155,power_endpoint,H0,beta
480,0.4,0.0608,0.0,1.0068357128693188,0.00244519321335324,power_endpoint,H0,beta
490,0.4,0.0624,0.0,1.0083406560838772,0.0023882810450916257,power_endpoint,H0,beta
500,0.4,0.0656,0.0,1.0099971864315787,0.002323687306505027,power_endpoint,H0,beta
10,0.5,0.0,0.0,0.49541815516606474,0.023539319509340743,power_endpoint,H0,beta
20,0.5,0.0,0.0,0.5449535786637258,0.014196880029787721,power_endpoint,H0,beta
30,0.5,0.0,0.0,0.5823860224235353,0.010436931298478709,power_endpoint,H0,beta
40,0.5,0.0,0.0,0.6108344772242065,0.009129612165290953,power_endpoint,H0,beta
50,0.5,0.0,0.0,0.6329343007121166,0.008058374197682738,power_endpoint,H0,beta
60,0.5,0.0,0.0,0.6532450567214763,0.007265205800870869,power_endpoint,H0,beta
70,0.5,0.0,0.0,0.6715796966379904,0.006666997274137866,power_endpoint,H0,beta
80,0.5,0.0,0.0,0.686707650901084,0.006138327701390169,power_endpoint,H0,beta
90,0.5,0.0,0.0,0.7013589293055628,0.005758040828171052,power_endpoint,H0,beta
100,0.5,0.0,0.0,0.7148065706683163,0.005403182902990759,power_endpoint,H0,beta
110,0.5,0.0,0.0,0.7270265262485506,0.005094402844202633,power_endpoint,H0,beta
120,0.5,0.0,0.0,0.7396917053624218,0.004805558217596795,power_endpoint,H0,beta
130,0.5,0.0,0.0,0.7500747357109856,0.0045835171618697785,power_endpoint,H0,beta
140,0.5,0.0,0.0,0.7609999982692254,0.004358082032554884,power_endpoint,H0,beta
150,0.5,0.0,0.0,0.7699675266148417,0.004137472767613412,power_endpoint,H0,beta
160,0.5,0.0,0.0,0.779601951414807,0.004013796016824036,power_endpoint,H0,beta
170,0.5,0.0,0.0,0.7887487636044515,0.0038359365744371253,power_endpoint,H0,beta
180,0.5,0.0,0.0,0.7971198032950881,0.003759803431568125,power_endpoint,H0,beta
190,0.5,0.0,0.0,0.8052481034182662,0.0035994047793198726,power_endpoint,H0,beta
200,0.5,0.0,0.0,0.8132456852136782,0.003510178263825347,power_endpoint,H0,beta
210,0.5,0.0,0.0,0.8207724707804189,0.0033987790350891644,power_endpoint,H0,beta
220,0.5,0.0,0.0,0.8287010514209006,0.0033386494590503385,power_endpoint,H0,beta
230,0.5,0.0,0.0,0.8358403230412241,0.003225635039992447,power_endpoint,H0,beta
240,0.5,0.0,0.0,0.843301180866272,0.003188707213706308,power_endpoint,H0,beta
250,0.5,0.0,0.0,0.849700303502554,0.003140869717623118,power_endpoint,H0,beta
260,0.5,0.0002,0.0,0.8563465910469288,0.0030363234302787133,power_endpoint,H0,beta
270,0.5,0.0002,0.0,0.8627260432394287,0.002965366935305599,power_endpoint,H0,beta
280,0.5,0.0002,0.0,0.8689298478994024,0.0029441364269855827,power_endpoint,H0,beta
290,0.5,0.0002,0.0,0.8747991518693307,0.0028864701040091528,power_endpoint,H0,beta
300,0.5,0.0002,0.0,0.8806217163422847,0.002853084494693001,power_endpoint,H0,beta
310,0.5,0.0002,0.0,0.886472862909976,0.0028196618140831605,power_endpoint,H0,beta
320,0.5,0.0002,0.0,0.8920807970400834,0.0027808873543476507,power_endpoint,H0,beta
330,0.5,0.0002,0.0,0.8976904453688194,0.0027038641777861866,power_endpoint,H0,beta
340,0.5,0.0002,0.0,0.9031713787657026,0.002643932737366219,power_endpoint,H0,beta
350,0.5,0.0004,0.0,0.9084512346745934,0.0025968898853929315,power_endpoint,H0,beta
360,0.5,0.0004,0.0,0.9136925911433064,0.0025851296232618764,power_endpoint,H0,beta
370,0.5,0.0006,0.0,0.9187720262762982,0.002523863303132417,power_endpoint,H0,beta
380,0.5,0.0006,0.0,0.9236355660669682,0.0024959309906776796,power_endpoint,H0,beta
390,0.5,0.001,0.0,0.9287031952636984,0.0024425823236504784,power_endpoint,H0,beta
400,0.5,0.0008,0.0,0.9331293484469446,0.0024215645412141934,power_endpoint,H0,beta
410,0.5,0.0018,0.0,0.9376934779141269,0.0023651239733817444,power_endpoint,H0,beta
420,0.5,0.0022,0.0,0.9425586416679175,0.0023479524969122474,power_endpoint,H0,beta
430,0.5,0.0026,0.0,0.9471635828213535,0.00230085666095822,power_endpoint,H0,beta
440,0.5,0.0024,0.0,0.9515795535876332,0.0022505409518162847,power_endpoint,H0,beta
450,0.5,0.0052,0.0,0.9556721061503421,0.0022218346129314424,power_endpoint,H0,beta
460,0.5,0.006,0.0,0.9601195125725952,0.002236453247926225,power_endpoint,H0,beta
470,0.5,0.0076,0.0,0.9646384589448993,0.0022022741528639083,power_endpoint,H0,beta
480,0.5,0.009,0.0,0.969021003151757,0.0021804327482287653,power_endpoint,H0,beta
490,0.5,0.0128,0.0,0.9729417607113282,0.0021686693959788172,power_endpoint,H0,beta
500,0.5,0.0152,0.0,0.9768371449571798,0.0021600203701016645,power_endpoint,H0,beta
10,0.7,0.0,0.0,0.18924184293657362,0.0034339929979141535,power_endpoint,H0,beta
20,0.7,0.0,0.0,0.23702795396866735,0.002733840176828527,power_endpoint,H0,beta
30,0.7,0.0,0.0,0.2736384271590966,0.0025048145786196675,power_endpoint,H0,beta
40,0.7,0.0,0.0,0.30256447031772365,0.0023363768814393085,power_endpoint,H0,beta
50,0.7,0.0,0.0,0.32941199074203986,0.0022376706987238754,power_endpoint,H0,beta
60,0.7,0.0,0.0,0.3524867275926501,0.002175348833672976,power_endpoint,H0,beta
70,0.7,0.0,0.0,0.37352673261550706,0.002135018450339781,power_endpoint,H0,beta
80,0.7,0.0,0.0,0.3929174207828858,0.0020914904752313544,power_endpoint,H0,beta
90,0.7,0.0,0.0,0.4111778525292794,0.001992810735705092,power_endpoint,H0,beta
100,0.7,0.0,0.0,0.4277098975868156,0.0019494590767962468,power_endpoint,H0,beta
110,0.7,0.0,0.0,0.44346349309212185,0.0019156891081210956,power_endpoint,H0,beta
120,0.7,0.0,0.0,0.45817246748646295,0.0018474441379665865,power_endpoint,H0,beta
130,0.7,0.0,0.0,0.47296878273202947,0.0017826074703563483,power_endpoint,H0,beta
140,0.7,0.0,0.0,0.4870927326352019,0.0017773745436713612,power_endpoint,H0,beta
150,0.7,0.0,0.0,0.5008657676477296,0.0017662752753830472,power_endpoint,H0,beta
160,0.7,0.0,0.0,0.5135669230292371,0.0017759209157412765,power_endpoint,H0,beta
170,0.7,0.0,0.0,0.5261525006739642,0.0017587514553648487,power_endpoint,H0,beta
180,0.7,0.0,0.0,0.5382382452147829,0.0017157788163517725,power_endpoint,H0,beta
190,0.7,0.0,0.0,0.549783505849857,0.0017179412452342502,power_endpoint,H0,beta
200,0.7,0.0,0.0,0.5611337134723224,0.0017124446478564222,power_endpoint,H0,beta
210,0.7,0.0,0.0,0.5724866528042803,0.0016844799515810997,power_endpoint,H0,beta
220,0.7,0.0,0.0,0.5834797258018186,0.0016688067935375695,power_endpoint,H0,beta
230,0.7,0.0,0.0,0.5942997258732332,0.0016413410833649993,power_endpoint,H0,beta
240,0.7,0.0,0.0,0.6042972318918038,0.0016020590857208266,power_endpoint,H0,beta
250,0.7,0.0,0.0,0.6145889794608593,0.00160833253372731,power_endpoint,H0,beta
260,0.7,0.0,0.0,0.6245017683858598,0.0016146887684466709,power_endpoint,H0,beta
270,0.7,0.0,0.0,0.6342123006281171,0.001597420371902207,power_endpoint,H0,beta
280,0.7,0.0,0.0,0.64381263971003,0.001609160069937808,power_endpoint,H0,beta
290,0.7,0.0,0.0,0.6532408557441226,0.0015939820891497222,power_endpoint,H0,beta
300,0.7,0.0,0.0,0.6625446938930702,0.0015983301488438511,power_endpoint,H0,beta
310,0.7,0.0,0.0,0.6718380990558472,0.001607591763431008,power_endpoint,H0,beta
320,0.7,0.0,0.0,0.6808549510900833,0.001612279951858508,power_endpoint,H0,beta
330,0.7,0.0,0.0,0.689960392241897,0.0015869230580076745,power_endpoint,H0,beta
340,0.7,0.0,0.0,0.69838546485593,0.001579356209409243,power_endpoint,H0,beta
350,0.7,0.0,0.0,0.7068800873857309,0.0015644215991435406,power_endpoint,H0,beta
360,0.7,0.0,0.0,0.7150882128115674,0.0015581971330886478,power_endpoint,H0,beta
370,0.7,0.0,0.0,0.7231450516646145,0.0015780947428772763,power_endpoint,H0,beta
380,0.7,0.0,0.0,0.7314468591732929,0.0015711025330834723,power_endpoint,H0,beta
390,0.7,0.0,0.0,0.7397240338943238,0.001569359923983578,power_endpoint,H0,beta
400,0.7,0.0,0.0,0.7477274282623076,0.0015808245930028777,power_endpoint,H0,beta
410,0.7,0.0,0.0,0.7555806247838884,0.0015704258563357582,power_endpoint,H0,beta
420,0.7,0.0,0.0,0.7637064228965481,0.0015412082097501492,power_endpoint,H0,beta
430,0.7,0.0,0.0,0.7715880172701328,0.0015378113729370877,power_endpoint,H0,beta
440,0.7,0.0,0.0,0.7794629033408466,0.0015302423006343562,power_endpoint,H0,beta
450,0.7,0.0,0.0,0.7870776545269105,0.0015227990029274352,power_endpoint,H0,beta
460,0.7,0.0,0.0,0.7947634429277133,0.001523963837651443,power_endpoint,H0,beta
470,0.7,0.0,0.0,0.8025488739615592,0.0015271697617928275,power_endpoint,H0,beta
480,0.7,0.0,0.0,0.809922132468981,0.0015292801827483094,power_endpoint,H0,beta
490,0.7,0.0,0.0,0.817164575136662,0.0015211636486252842,power_endpoint,H0,beta
500,0.7,0.0,0.0,0.8247387447075653,0.001531430106966318,power_endpoint,H0,beta
10,0.33,0.1648,0.0368,1.138489584767373,0.19323263938249127,power_endpoint,H1,beta
20,0.33,0.1738,0.0372,1.107548343587692,0.08696159126740591,power_endpoint,H1,beta
30,0.33,0.177,0.0356,1.0938978536839414,0.0578418349813541,power_endpoint,H1,beta
40,0.33,0.17,0.0352,1.0779625864705429,0.042541993919893176,power_endpoint,H1,beta
50,0.33,0.171,0.0356,1.0685677127382043,0.033933437215944835,power_endpoint,H1,beta
60,0.33,0.1672,0.0358,1.0616926253866195,0.02737960618297613,power_endpoint,H1,beta
70,0.33,0.1656,0.0342,1.0555539762340858,0.02303728011022558,power_endpoint,H1,beta
80,0.33,0.162,0.0364,1.0498828326391372,0.019751457599822404,power_endpoint,H1,beta
90,0.33,0.1606,0.0364,1.045990707577428,0.017091327840689795,power_endpoint,H1,beta
100,0.33,0.153,0.0376,1.043256951724576,0.015151230299569603,power_endpoint,H1,beta
110,0.33,0.159,0.037,1.0403115154544749,0.013567694890593307,power_endpoint,H1,beta
120,0.33,0.1516,0.0372,1.0370163876100742,0.012499873580187294,power_endpoint,H1,beta
130,0.33,0.1512,0.0382,1.0333084307133835,0.011541107680120838,power_endpoint,H1,beta
140,0.33,0.1446,0.036,1.0314271337188043,0.010618758041528224,power_endpoint,H1,beta
150,0.33,0.1406,0.0358,1.0291315245110235,0.00980599016256392,power_endpoint,H1,beta
160,0.33,0.138,0.0348,1.0270042151289949,0.009190197958071248,power_endpoint,H1,beta
170,0.33,0.1354,0.0346,1.025252994945132,0.008592887522521558,power_endpoint,H1,beta
180,0.33,0.1364,0.0348,1.0241429685248324,0.008099010679130315,power_endpoint,H1,beta
190,0.33,0.1284,0.0344,1.0219074478312675,0.0075640894752824735,power_endpoint,H1,beta
200,0.33,0.1272,0.0344,1.0207216090438778,0.00707276790832269,power_endpoint,H1,beta
210,0.33,0.13,0.0348,1.0191049483075323,0.006745163483052789,power_endpoint,H1,beta
220,0.33,0.1236,0.034,1.0175945756132398,0.006337637374447986,power_endpoint,H1,beta
230,0.33,0.1204,0.0342,1.016069796357518,0.0060205058163093,power_endpoint,H1,beta
240,0.33,0.1218,0.0346,1.0146848689999446,0.005697396352142786,power_endpoint,H1,beta
250,0.33,0.115,0.0328,1.0132954074198204,0.005443262086874615,power_endpoint,H1,beta
260,0.33,0.1088,0.032,1.0122141011115091,0.0051716231607674325,power_endpoint,H1,beta
270,0.33,0.1048,0.03,1.0107198033181548,0.004956093342343387,power_endpoint,H1,beta
280,0.33,0.1012,0.0314,1.0093801749112075,0.004684842444631062,power_endpoint,H1,beta
290,0.33,0.099,0.0292,1.0084095593672733,0.004519274526781305,power_endpoint,H1,beta
300,0.33,0.0934,0.0272,1.007645470407963,0.004389780928217894,power_endpoint,H1,beta
310,0.33,0.0868,0.0274,1.0062909849405401,0.004161044464447757,power_endpoint,H1,beta
320,0.33,0.0822,0.0256,1.0050834490646419,0.003986134573522912,power_endpoint,H1,beta
330,0.33,0.078,0.0242,1.004429623107514,0.0038240110262693053,power_endpoint,H1,beta
340,0.33,0.0788,0.0242,1.0031237573042666,0.003704796188430165,power_endpoint,H1,beta
350,0.33,0.0752,0.0238,1.002275682608559,0.003624367262728306,power_endpoint,H1,beta
360,0.33,0.0752,0.023,1.0018482318347333,0.0035188208971756846,power_endpoint,H1,beta
370,0.33,0.0768,0.0228,1.0010514802877866,0.003399167906676694,power_endpoint,H1,beta
380,0.33,0.0728,0.0224,0.9999379886846333,0.0032716349950718177,power_endpoint,H1,beta
390,0.33,0.0724,0.0234,0.9990300753759034,0.003204545107007253,power_endpoint,H1,beta
400,0.33,0.0716,0.0218,0.9985802599606945,0.003131369985726891,power_endpoint,H1,beta
410,0.33,0.0688,0.0216,0.9974836755775932,0.0030518768210405453,power_endpoint,H1,beta
420,0.33,0.07,0.0224,0.9969482184525658,0.0029893365910874867,power_endpoint,H1,beta
430,0.33,0.0652,0.021,0.9964186441637622,0.002923929365686155,power_endpoint,H1,beta
440,0.33,0.066,0.022,0.9954860240770139,0.002821135965980385,power_endpoint,H1,beta
450,0.33,0.0622,0.0204,0.9948774997011177,0.0027531850409974715,power_endpoint,H1,beta
460,0.33,0.0618,0.0204,0.9943697765125681,0.0026710069860607167,power_endpoint,H1,beta
470,0.33,0.0612,0.0206,0.9937604634359734,0.0026144859540455836,power_endpoint,H1,beta
480,0.33,0.0602,0.0192,0.9929201806540312,0.0025669668881842344,power_endpoint,H1,beta
490,0.33,0.0592,0.0188,0.9922095607443823,0.0025069069632406675,power_endpoint,H1,beta
500,0.33,0.0578,0.0176,0.9916803481916717,0.00247750812430849,power_endpoint,H1,beta
10,0.3,0.3116,0.115,1.2714197778719767,0.2490109480028987,power_endpoint,H1,beta
20,0.3,0.35,0.1392,1.2165583950705625,0.10830480048184675,power_endpoint,H1,beta
30,0.3,0.3534,0.1498,1.1806744574474997,0.06930150800022283,power_endpoint,H1,beta
40,0.3,0.3612,0.1582,1.1550472668874217,0.04833598956075442,power_endpoint,H1,beta
50,0.3,0.3656,0.1644,1.1381548936962433,0.0387572115194178,power_endpoint,H1,beta
60,0.3,0.3652,0.1686,1.1264726422693154,0.0312651986267517,power_endpoint,H1,beta
70,0.3,0.3674,0.1746,1.1135246175158637,0.025657182212667145,power_endpoint,H1,beta
80,0.3,0.3638,0.176,1.1036433224696145,0.022038140004612256,power_endpoint,H1,beta
90,0.3,0.36,0.1732,1.0964407701180923,0.019606326057221596,power_endpoint,H1,beta
100,0.3,0.3566,0.1754,1.0880946618922638,0.017622410723234814,power_endpoint,H1,beta
110,0.3,0.351,0.1738,1.0801655067123739,0.015691366137362977,power_endpoint,H1,beta
120,0.3,0.3426,0.1736,1.0735249906562354,0.014023762663054377,power_endpoint,H1,beta
130,0.3,0.3266,0.172,1.0659181723066156,0.012213257108244835,power_endpoint,H1,beta
140,0.3,0.3142,0.171,1.0601779831577878,0.011270006655555467,power_endpoint,H1,beta
150,0.3,0.3056,0.174,1.0546205891078564,0.01027209393258132,power_endpoint,H1,beta
160,0.3,0.2994,0.1696,1.050422609608552,0.009640471838543743,power_endpoint,H1,beta
170,0.3,0.2962,0.1698,1.046075221226477,0.008864024003221437,power_endpoint,H1,beta
180,0.3,0.2874,0.1696,1.040709389821726,0.008086192112670488,power_endpoint,H1,beta
190,0.3,0.2822,0.1698,1.0363753584877364,0.00765097245216301,power_endpoint,H1,beta
200,0.3,0.2696,0.167,1.0332506423813042,0.007277859805789624,power_endpoint,H1,beta
210,0.3,0.2568,0.1638,1.0290360609242564,0.006810705014125272,power_endpoint,H1,beta
220,0.3,0.2532,0.1628,1.0251770414233055,0.00642911430361783,power_endpoint,H1,beta
230,0.3,0.2438,0.1592,1.022409445845026,0.006163651923546464,power_endpoint,H1,beta
240,0.3,0.2404,0.1562,1.0189680549885711,0.005928440143356529,power_endpoint,H1,beta
250,0.3,0.2302,0.154,1.0160261101841161,0.00562556363232967,power_endpoint,H1,beta
260,0.3,0.2234,0.1518,1.0130481319955598,0.005390098166345309,power_endpoint,H1,beta
270,0.3,0.2158,0.1502,1.01013143957841,0.0051475206325723175,power_endpoint,H1,beta
280,0.3,0.206,0.148,1.007224232657816,0.0048926160117780705,power_endpoint,H1,beta
290,0.3,0.1966,0.143,1.0045422459247118,0.0046441090135667966,power_endpoint,H1,beta
300,0.3,0.1924,0.1422,1.0016157160075514,0.0043913182383174335,power_endpoint,H1,beta
310,0.3,0.1844,0.1386,0.9992310716460856,0.004174509198087976,power_endpoint,H1,beta
320,0.3,0.1808,0.1372,0.9968444380551843,0.004019345701169417,power_endpoint,H1,beta
330,0.3,0.1768,0.136,0.9945504702726407,0.00391447354193356,power_endpoint,H1,beta
340,0.3,0.1736,0.136,0.9923576677070147,0.003772279357870388,power_endpoint,H1,beta
350,0.3,0.1708,0.135,0.9905314793282403,0.003710009910153372,power_endpoint,H1,beta
360,0.3,0.1602,0.1302,0.9880271640907732,0.0035091839685247607,power_endpoint,H1,beta
370,0.3,0.1538,0.1258,0.9856567434878685,0.003399059517278484,power_endpoint,H1,beta
380,0.3,0.1514,0.1248,0.9834028271944569,0.0032886622095113986,power_endpoint,H1,beta
390,0.3,0.1482,0.1234,0.9815362221473378,0.0031755944694261138,power_endpoint,H1,beta
400,0.3,0.144,0.1228,0.9796757460791808,0.003087844937161811,power_endpoint,H1,beta
410,0.3,0.1406,0.1182,0.9779672078947584,0.0030166507252227513,power_endpoint,H1,beta
420,0.3,0.1358,0.1164,0.9762193967224908,0.0029072965450888224,power_endpoint,H1,beta
430,0.3,0.1286,0.1122,0.9749615758272944,0.002841575099688132,power_endpoint,H1,beta
440,0.3,0.1286,0.1114,0.9731982753815024,0.002780383720328475,power_endpoint,H1,beta
450,0.3,0.1254,0.1096,0.9714612837152082,0.002710413637236995,power_endpoint,H1,beta
460,0.3,0.1232,0.108,0.9698669689074882,0.002651600312283539,power_endpoint,H1,beta
470,0.3,0.1194,0.1058,0.9682060619057393,0.0026089881808576978,power_endpoint,H1,beta
480,0.3,0.1168,0.1048,0.9667780604935825,0.0025585908715637373,power_endpoint,H1,beta
490,0.3,0.1128,0.1028,0.9653024639978869,0.002493464226537799,power_endpoint,H1,beta
500,0.3,0.1098,0.1002,0.9638975320414092,0.0024081262429626504,power_endpoint,H1,beta
10,0.27,0.4534,0.2246,1.3826986874070244,0.2840973213062479,power_endpoint,H1,beta
20,0.27,0.5178,0.2784,1.305180664500775,0.126769339899535,power_endpoint,H1,beta
30,0.27,0.538,0.3024,1.2561651501041609,0.07861799447405728,power_endpoint,H1,beta
40,0.27,0.5536,0.3176,1.2215256344753052,0.05478014327554188,power_endpoint,H1,beta
50,0.27,0.5634,0.3274,1.196393834692918,0.04344697259487567,power_endpoint,H1,beta
60,0.27,0.5518,0.3324,1.17114079717249,0.03337726509249196,power_endpoint,H1,beta
70,0.27,0.5402,0.3374,1.1523156075149668,0.027985540606136713,power_endpoint,H1,beta
80,0.27,0.5392,0.3432,1.1361830283652832,0.02368718177748811,power_endpoint,H1,beta
90,0.27,0.5272,0.3424,1.1225381009483137,0.02044537300404,power_endpoint,H1,beta
100,0.27,0.5202,0.3426,1.1105649003637037,0.018321693533722337,power_endpoint,H1,beta
110,0.27,0.5054,0.3408,1.097257967192338,0.016292678018947116,power_endpoint,H1,beta
120,0.27,0.4956,0.3404,1.08865359318616,0.014702898313494573,power_endpoint,H1,beta
130,0.27,0.4812,0.337,1.0786845077386944,0.012982368132713641,power_endpoint,H1,beta
140,0.27,0.468,0.335,1.069147358933741,0.011980852792111963,power_endpoint,H1,beta
150,0.27,0.4532,0.3338,1.0599617768167517,0.010560432674971207,power_endpoint,H1,beta
160,0.27,0.4372,0.3298,1.0531852965883282,0.010119409714294144,power_endpoint,H1,beta
170,0.27,0.4306,0.3294,1.0452543441227928,0.009165481849434049,power_endpoint,H1,beta
180,0.27,0.4166,0.3194,1.0395860103573693,0.008781870468664008,power_endpoint,H1,beta
190,0.27,0.4078,0.319,1.032800823666669,0.008147168411385781,power_endpoint,H1,beta
200,0.27,0.3944,0.3144,1.0271181617744738,0.0076274929348097605,power_endpoint,H1,beta
210,0.27,0.3856,0.3132,1.021522163534766,0.0072101797842844765,power_endpoint,H1,beta
220,0.27,0.3714,0.3068,1.016414387889174,0.006741254205722216,power_endpoint,H1,beta
230,0.27,0.3616,0.3022,1.0114415253977598,0.006331958175514169,power_endpoint,H1,beta
240,0.27,0.3512,0.295,1.007121580247276,0.006079168218118471,power_endpoint,H1,beta
250,0.27,0.336,0.2896,1.0028866125635767,0.005782283561075558,power_endpoint,H1,beta
260,0.27,0.3272,0.2846,0.9975360949015141,0.005512093993485558,power_endpoint,H1,beta
270,0.27,0.3178,0.2786,0.9936944280368933,0.005201416127559901,power_endpoint,H1,beta
280,0.27,0.3072,0.275,0.9893028853538708,0.004879659875113773,power_endpoint,H1,beta
290,0.27,0.2996,0.271,0.9853491794104307,0.00468118385993374,power_endpoint,H1,beta
300,0.27,0.2892,0.2646,0.982056800018674,0.00446129154230591,power_endpoint,H1,beta
310,0.27,0.283,0.2622,0.9784733424893097,0.004279710807954482,power_endpoint,H1,beta
320,0.27,0.2746,0.2558,0.9750341139104886,0.0041141471147502495,power_endpoint,H1,beta
330,0.27,0.2686,0.252,0.9715776721355678,0.003933090851442961,power_endpoint,H1,beta
340,0.27,0.2642,0.2492,0.9680680350595866,0.0037732720272567783,power_endpoint,H1,beta
350,0.27,0.2598,0.246,0.9650140355011231,0.003587578874287688,power_endpoint,H1,beta
360,0.27,0.2544,0.243,0.9617810492271418,0.003439302982942783,power_endpoint,H1,beta
370,0.27,0.2478,0.2388,0.9589458242463006,0.003305085059088352,power_endpoint,H1,beta
380,0.27,0.2398,0.2324,0.9557925906415236,0.003157712904462332,power_endpoint,H1,beta
390,0.27,0.2332,0.2274,0.9528963561709235,0.0030686153444789872,power_endpoint,H1,beta
400,0.27,0.2278,0.2228,0.9500879981509657,0.002959615615617552,power_endpoint,H1,beta
410,0.27,0.2226,0.2186,0.9473962872259665,0.002883113025952234,power_endpoint,H1,beta
420,0.27,0.219,0.2154,0.944560244279836,0.002818493781976374,power_endpoint,H1,beta
430,0.27,0.2132,0.2102,0.942427347765618,0.0027088366844304854,power_endpoint,H1,beta
440,0.27,0.2088,0.206,0.9400164805810948,0.002651398952482649,power_endpoint,H1,beta
450,0.27,0.2026,0.2006,0.9374834052643384,0.0026007350338162513,power_endpoint,H1,beta
460,0.27,0.1994,0.1966,0.9352413668844675,0.0025213771804891687,power_endpoint,H1,beta
470,0.27,0.1934,0.1916,0.9330234386536902,0.0024512440018342346,power_endpoint,H1,beta
480,0.27,0.189,0.1876,0.9307610637077077,0.0023837658238872444,power_endpoint,H1,beta
490,0.27,0.1838,0.1832,0.9285149639878467,0.0023137153995688845,power_endpoint,H1,beta
500,0.27,0.1812,0.1804,0.9264473056882998,0.0022509202864750373,power_endpoint,H1,beta
10,0.25,0.539,0.3042,1.4417667470298203,0.31787032646424973,power_endpoint,H1,beta
20,0.25,0.6082,0.3666,1.3446087807453644,0.13755484526177286,power_endpoint,H1,beta
30,0.25,0.627,0.3992,1.2874349401682799,0.0894551361550455,power_endpoint,H1,beta
40,0.25,0.639,0.4136,1.2441857393641131,0.059709517138609565,power_endpoint,H1,beta
50,0.25,0.6414,0.4296,1.2112680605098463,0.04301945842445028,power_endpoint,H1,beta
60,0.25,0.6372,0.4396,1.1839781130434968,0.036556365826818156,power_endpoint,H1,beta
70,0.25,0.6288,0.44,1.1629305583491496,0.029568620977348168,power_endpoint,H1,beta
80,0.25,0.6174,0.4398,1.1438002363378712,0.025668781894754897,power_endpoint,H1,beta
90,0.25,0.6064,0.44,1.1273673043351335,0.022391366133917477,power_endpoint,H1,beta
100,0.25,0.5938,0.439,1.1125941583901975,0.01941356845027374,power_endpoint,H1,beta
110,0.25,0.5822,0.4376,1.0999526605956282,0.016601510987669633,power_endpoint,H1,beta
120,0.25,0.5708,0.4344,1.088773668240782,0.014824924308549117,power_endpoint,H1,beta
130,0.25,0.5556,0.4274,1.0782372955091917,0.013194923031375405,power_endpoint,H1,beta
140,0.25,0.539,0.4234,1.0667697663991464,0.012261834477830618,power_endpoint,H1,beta
150,0.25,0.5224,0.4208,1.0562559494906327,0.01123191377448444,power_endpoint,H1,beta
160,0.25,0.507,0.4174,1.046531046521414,0.010090018401981158,power_endpoint,H1,beta
170,0.25,0.491,0.4138,1.0383724484301997,0.009315743259839906,power_endpoint,H1,beta
180,0.25,0.481,0.4102,1.0305592295574124,0.008699509079392542,power_endpoint,H1,beta
190,0.25,0.4672,0.4022,1.0236299122720698,0.007996262630710422,power_endpoint,H1,beta
200,0.25,0.4512,0.3948,1.0161230470831977,0.007358980429019271,power_endpoint,H1,beta
210,0.25,0.4402,0.39,1.0103567492011385,0.007001433827051793,power_endpoint,H1,beta
220,0.25,0.4288,0.3836,1.0036795858804537,0.0066170085861728825,power_endpoint,H1,beta
230,0.25,0.4126,0.3776,0.9973677853651015,0.006081578493346285,power_endpoint,H1,beta
240,0.25,0.4032,0.3728,0.9911944756732826,0.005815151437187364,power_endpoint,H1,beta
250,0.25,0.394,0.3674,0.985734498105329,0.0054374526639993735,power_endpoint,H1,beta
260,0.25,0.3858,0.3622,0.9800813578798648,0.0051860085410228305,power_endpoint,H1,beta
270,0.25,0.377,0.3544,0.9752918820867909,0.005043459076570121,power_endpoint,H1,beta
280,0.25,0.3662,0.3496,0.9704600852563524,0.004744440465178969,power_endpoint,H1,beta
290,0.25,0.3572,0.3428,0.9659290136481299,0.00459833373157402,power_endpoint,H1,beta
300,0.25,0.3452,0.3352,0.9612724321627855,0.004326029645459236,power_endpoint,H1,beta
310,0.25,0.3366,0.3292,0.9569674658142867,0.004129981719762571,power_endpoint,H1,beta
320,0.25,0.329,0.322,0.9533291446849909,0.003972163562592674,power_endpoint,H1,beta
330,0.25,0.3226,0.3172,0.9489429075813213,0.003778193389103417,power_endpoint,H1,beta
340,0.25,0.3136,0.309,0.944995221335854,0.003643060609013377,power_endpoint,H1,beta
350,0.25,0.3074,0.3046,0.9406052417628769,0.003456909864844888,power_endpoint,H1,beta
360,0.25,0.3022,0.299,0.9367731365108082,0.0033298163276411423,power_endpoint,H1,beta
370,0.25,0.2944,0.2918,0.9334760208296948,0.0032634234716748013,power_endpoint,H1,beta
380,0.25,0.2888,0.2864,0.929865723162617,0.0031149324125445037,power_endpoint,H1,beta
390,0.25,0.28,0.2788,0.9264714007386877,0.002985130329866424,power_endpoint,H1,beta
400,0.25,0.275,0.2736,0.9234179504706406,0.0028900274844315785,power_endpoint,H1,beta
410,0.25,0.2696,0.2686,0.9204045647846723,0.0028188436313540703,power_endpoint,H1,beta
420,0.25,0.2632,0.2622,0.9177948083303274,0.0027487529841523587,power_endpoint,H1,beta
430,0.25,0.2574,0.2568,0.9146225579057534,0.002648505852601342,power_endpoint,H1,beta
440,0.25,0.2508,0.2504,0.9116517125387893,0.0025471219308842246,power_endpoint,H1,beta
450,0.25,0.242,0.2418,0.9086676330170304,0.0024277940547499737,power_endpoint,H1,beta
460,0.25,0.2366,0.2364,0.905733540966738,0.0023691264872598926,power_endpoint,H1,beta
470,0.25,0.2314,0.2312,0.9028573223901312,0.0022798363390919246,power_endpoint,H1,beta
480,0.25,0.226,0.226,0.900115648627108,0.002231174280193254,power_endpoint,H1,beta
490,0.25,0.2214,0.2214,0.8974357597132758,0.0021564846368573912,power_endpoint,H1,beta
500,0.25,0.2168,0.2168,0.8949657017593501,0.0020848116944067407,power_endpoint,H1,beta
10,-0.5,0.0,0.0,0.38009994513040063,0.012592313445851551,log_perturbed_endpoint,H0,theta
20,-0.5,0.0,0.0,0.4026526003415155,0.007014048683265117,log_perturbed_endpoint,H0,theta
30,-0.5,0.0,0.0,0.42032431098565376,0.005230482327778314,log_perturbed_endpoint,H0,theta
40,-0.5,0.0,0.0,0.4358761232603591,0.004365738485669693,log_perturbed_endpoint,H0,theta
50,-0.5,0.0,0.0,0.4489320067111854,0.003635678179114494,log_perturbed_endpoint,H0,theta
60,-0.5,0.0,0.0,0.4597569248439506,0.003214051127272369,log_perturbed_endpoint,H0,theta
70,-0.5,0.0,0.0,0.47097069647244305,0.002922984264736144,log_perturbed_endpoint,H0,theta
80,-0.5,0.0,0.0,0.4801373230698278,0.0026773266088765397,log_perturbed_endpoint,H0,theta
90,-0.5,0.0,0.0,0.4889091967469949,0.0024339639022871984,log_perturbed_endpoint,H0,theta
100,-0.5,0.0,0.0,0.49776097142065917,0.0022957904667798975,log_perturbed_endpoint,H0,theta
110,-0.5,0.0,0.0,0.5060831074548334,0.002138764423496218,log_perturbed_endpoint,H0,theta
120,-0.5,0.0,0.0,0.514082177265294,0.0020826558773409873,log_perturbed_endpoint,H0,theta
130,-0.5,0.0,0.0,0.5219090602832758,0.001979493534981995,log_perturbed_endpoint,H0,theta
140,-0.5,0.0,0.0,0.5295934420233418,0.0019367569504930788,log_perturbed_endpoint,H0,theta
150,-0.5,0.0,0.0,0.5362389526567332,0.0018538169532829355,log_perturbed_endpoint,H0,theta
160,-0.5,0.0,0.0,0.5431439897801502,0.0017984102851661932,log_perturbed_endpoint,H0,theta
170,-0.5,0.0,0.0,0.5499439805158285,0.0017417752752314157,log_perturbed_endpoint,H0,theta
180,-0.5,0.0,0.0,0.5565088772160712,0.0016716753013241437,log_perturbed_endpoint,H0,theta
190,-0.5,0.0,0.0,0.5628756870426486,0.0016666589910199244,log_perturbed_endpoint,H0,theta
200,-0.5,0.0,0.0,0.5691901554148993,0.0016236552958066052,log_perturbed_endpoint,H0,theta
210,-0.5,0.0,0.0,0.575298292935453,0.0015829136830254847,log_perturbed_endpoint,H0,theta
220,-0.5,0.0,0.0,0.5812548965347083,0.0015260828653992458,log_perturbed_endpoint,H0,theta
230,-0.5,0.0,0.0,0.5867375215807374,0.0014803333919464296,log_perturbed_endpoint,H0,theta
240,-0.5,0.0,0.0,0.5925084061712638,0.0014248005873612629,log_perturbed_endpoint,H0,theta
250,-0.5,0.0,0.0,0.5980946582784769,0.0013940327193371692,log_perturbed_endpoint,H0,theta
260,-0.5,0.0,0.0,0.6037207006746277,0.0013873133411059948,log_perturbed_endpoint,H0,theta
270,-0.5,0.0,0.0,0.6090873188202408,0.0013484588211726237,log_perturbed_endpoint,H0,theta
280,-0.5,0.0,0.0,0.6145523799819493,0.0013407742548786272,log_perturbed_endpoint,H0,theta
290,-0.5,0.0,0.0,0.6198301341828357,0.0013338106313587452,log_perturbed_endpoint,H0,theta
300,-0.5,0.0,0.0,0.6249910833417816,0.0012977342351138642,log_perturbed_endpoint,H0,theta
310,-0.5,0.0,0.0,0.6302139847795641,0.0012639037120268436,log_perturbed_endpoint,H0,theta
320,-0.5,0.0,0.0,0.6351410648249195,0.0012488678250204494,log_perturbed_endpoint,H0,theta
330,-0.5,0.0,0.0,0.6398751156046797,0.0012275637477944911,log_perturbed_endpoint,H0,theta
340,-0.5,0.0,0.0,0.6447820321886184,0.001209357359334457,log_perturbed_endpoint,H0,theta
350,-0.5,0.0,0.0,0.6498416898406368,0.001196146704992164,log_perturbed_endpoint,H0,theta
360,-0.5,0.0,0.0,0.6548601918137782,0.001189976944679707,log_perturbed_endpoint,H0,theta
370,-0.5,0.0,0.0,0.6598493455962027,0.0011958880860800322,log_perturbed_endpoint,H0,theta
380,-0.5,0.0,0.0,0.664851777093841,0.0012020033843885179,log_perturbed_endpoint,H0,theta
390,-0.5,0.0,0.0,0.6697301657877167,0.0011929445772842948,log_perturbed_endpoint,H0,theta
400,-0.5,0.0,0.0,0.6746435823186399,0.001168338511983316,log_perturbed_endpoint,H0,theta
410,-0.5,0.0,0.0,0.6792757443519138,0.001148806041296322,log_perturbed_endpoint,H0,theta
420,-0.5,0.0,0.0,0.6838725230758333,0.0011384704226540467,log_perturbed_endpoint,H0,theta
430,-0.5,0.0,0.0,0.6885001932591327,0.001122969981084684,log_perturbed_endpoint,H0,theta
440,-0.5,0.0,0.0,0.6931084584006192,0.001118001737759792,log_perturbed_endpoint,H0,theta
450,-0.5,0.0,0.0,0.6976698192541311,0.0010994409663232223,log_perturbed_endpoint,H0,theta
460,-0.5,0.0,0.0,0.7023629925629957,0.0010961295755864814,log_perturbed_endpoint,H0,theta
470,-0.5,0.0,0.0,0.7068866173189587,0.0010869394850749324,log_perturbed_endpoint,H0,theta
480,-0.5,0.0,0.0,0.711283704878217,0.0010860843142676832,log_perturbed_endpoint,H0,theta
490,-0.5,0.0,0.0,0.7160055140274789,0.0010710743051358569,log_perturbed_endpoint,H0,theta
500,-0.5,0.0,0.0,0.7205445198199397,0.0010592985716792512,log_perturbed_endpoint,H0,theta
10,-0.25,0.0,0.0,0.6097102047508189,0.03656335115039607,log_perturbed_endpoint,H0,theta
20,-0.25,0.0,0.0,0.6225756947097217,0.017860190464126534,log_perturbed_endpoint,H0,theta
30,-0.25,0.0,0.0,0.6366418112534977,0.012826157035346045,log_perturbed_endpoint,H0,theta
40,-0.25,0.0,0.0,0.6488015798384549,0.010440629160609569,log_perturbed_endpoint,H0,theta
50,-0.25,0.0,0.0,0.6583957795286098,0.00850324060960576,log_perturbed_endpoint,H0,theta
60,-0.25,0.0,0.0,0.6678704188676182,0.007178996963388047,log_perturbed_endpoint,H0,theta
70,-0.25,0.0,0.0,0.6763690554933117,0.006241381965887587,log_perturbed_endpoint,H0,theta
80,-0.25,0.0,0.0,0.6846762231293291,0.005784553299663166,log_perturbed_endpoint,H0,theta
90,-0.25,0.0,0.0,0.690490943529401,0.005237565024246002,log_perturbed_endpoint,H0,theta
100,-0.25,0.0,0.0,0.6970961502347626,0.004853774997911559,log_perturbed_endpoint,H0,theta
110,-0.25,0.0,0.0,0.7025772890137553,0.004518653577011687,log_perturbed_endpoint,H0,theta
120,-0.25,0.0,0.0,0.7086725994774937,0.0042873288110471435,log_perturbed_endpoint,H0,theta
130,-0.25,0.0,0.0,0.7143359080457194,0.004017451070978432,log_perturbed_endpoint,H0,theta
140,-0.25,0.0,0.0,0.7196005657037549,0.003732659920454642,log_perturbed_endpoint,H0,theta
150,-0.25,0.0,0.0,0.724559252372075,0.0035442537463382475,log_perturbed_endpoint,H0,theta
160,-0.25,0.0,0.0,0.7294980852313266,0.0033767545325633823,log_perturbed_endpoint,H0,theta
170,-0.25,0.0,0.0,0.7342160128363164,0.0032097667660294575,log_perturbed_endpoint,H0,theta
180,-0.25,0.0,0.0,0.7389596961163472,0.003142780282010179,log_perturbed_endpoint,H0,theta
190,-0.25,0.0,0.0,0.743575570260781,0.0030016264718244782,log_perturbed_endpoint,H0,theta
200,-0.25,0.0,0.0,0.7480751981247353,0.002868443159821789,log_perturbed_endpoint,H0,theta
210,-0.25,0.0,0.0,0.752276265474392,0.0027646358352746117,log_perturbed_endpoint,H0,theta
220,-0.25,0.0,0.0,0.756668695758988,0.0026650638187089687,log_perturbed_endpoint,H0,theta
230,-0.25,0.0,0.0,0.7605587832311542,0.0025934358775768105,log_perturbed_endpoint,H0,theta
240,-0.25,0.0,0.0,0.764909194964903,0.0025451536819647244,log_perturbed_endpoint,H0,theta
250,-0.25,0.0,0.0,0.7690859207164324,0.0024690210490932204,log_perturbed_endpoint,H0,theta
260,-0.25,0.0,0.0,0.7729741224076259,0.002441584156623661,log_perturbed_endpoint,H0,theta
270,-0.25,0.0,0.0,0.7767049062764676,0.00237134783145241,log_perturbed_endpoint,H0,theta
280,-0.25,0.0,0.0,0.7804115218917055,0.002328468872079649,log_perturbed_endpoint,H0,theta
290,-0.25,0.0,0.0,0.7839209949717271,0.00228134929129545,log_perturbed_endpoint,H0,theta
300,-0.25,0.0,0.0,0.7876750243075885,0.0022404190698900863,log_perturbed_endpoint,H0,theta
310,-0.25,0.0,0.0,0.7912196161193819,0.002154149348772516,log_perturbed_endpoint,H0,theta
320,-0.25,0.0,0.0,0.7949549487873081,0.002086555007452091,log_perturbed_endpoint,H0,theta
330,-0.25,0.0,0.0,0.7986884682020337,0.0020448880878622547,log_perturbed_endpoint,H0,theta
340,-0.25,0.0,0.0,0.80204090504511,0.001985071558634122,log_perturbed_endpoint,H0,theta
350,-0.25,0.0,0.0,0.8055677962032718,0.0019608411134717,log_perturbed_endpoint,H0,theta
360,-0.25,0.0,0.0,0.8091159548789684,0.0019346762810063913,log_perturbed_endpoint,H0,theta
370,-0.25,0.0,0.0,0.8124855949887704,0.001909637125755023,log_perturbed_endpoint,H0,theta
380,-0.25,0.0,0.0,0.8158525137130731,0.001876907121760156,log_perturbed_endpoint,H0,theta
390,-0.25,0.0,0.0,0.8192106443968485,0.0018608829479716058,log_perturbed_endpoint,H0,theta
400,-0.25,0.0,0.0,0.822737842941272,0.001816384514216716,log_perturbed_endpoint,H0,theta
410,-0.25,0.0,0.0,0.825996478493591,0.001806208101085768,log_perturbed_endpoint,H0,theta
420,-0.25,0.0,0.0,0.8289483553370858,0.0017709377764090442,log_perturbed_endpoint,H0,theta
430,-0.25,0.0,0.0,0.8323333372115592,0.0017355821145718022,log_perturbed_endpoint,H0,theta
440,-0.25,0.0,0.0,0.8356809836669432,0.0017004978887343472,log_perturbed_endpoint,H0,theta
450,-0.25,0.0,0.0,0.8383688273397817,0.001676402223106393,log_perturbed_endpoint,H0,theta
460,-0.25,0.0,0.0,0.8414690428821509,0.0016573750134497417,log_perturbed_endpoint,H0,theta
470,-0.25,0.0,0.0,0.8444766890382279,0.0016324894012508767,log_perturbed_endpoint,H0,theta
480,-0.25,0.0,0.0,0.8475389516126499,0.0015929442012783057,log_perturbed_endpoint,H0,theta
490,-0.25,0.0,0.0,0.8507766754674,0.001589872840860446,log_perturbed_endpoint,H0,theta
500,-0.25,0.0,0.0,0.8536564299696296,0.0015441054901767428,log_perturbed_endpoint,H0,theta
10,-0.1,0.0122,0.0004,0.824079548645712,0.07663547196526452,log_perturbed_endpoint,H0,theta
20,-0.1,0.0054,0.0,0.8256093425977818,0.03730133924300576,log_perturbed_endpoint,H0,theta
30,-0.1,0.0036,0.0,0.8303383759246448,0.024376166543098054,log_perturbed_endpoint,H0,theta
40,-0.1,0.002,0.0,0.8360304591338874,0.01919270526070162,log_perturbed_endpoint,H0,theta
50,-0.1,0.002,0.0,0.8388166229631101,0.015492299643692952,log_perturbed_endpoint,H0,theta
60,-0.1,0.001,0.0,0.8445370962946379,0.013445581288171096,log_perturbed_endpoint,H0,theta
70,-0.1,0.0014,0.0,0.8487875992506179,0.01154114172345219,log_perturbed_endpoint,H0,theta
80,-0.1,0.0008,0.0,0.8524970225121178,0.010038251306092798,log_perturbed_endpoint,H0,theta
90,-0.1,0.001,0.0,0.8554563220924661,0.009016388093100808,log_perturbed_endpoint,H0,theta
100,-0.1,0.0006,0.0,0.8591719086359513,0.008223981874986208,log_perturbed_endpoint,H0,theta
110,-0.1,0.0002,0.0,0.8617414681243813,0.007383295478785534,log_perturbed_endpoint,H0,theta
120,-0.1,0.0,0.0,0.8661997811542935,0.006856941110157443,log_perturbed_endpoint,H0,theta
130,-0.1,0.0004,0.0,0.869497452414528,0.006430732289821081,log_perturbed_endpoint,H0,theta
140,-0.1,0.0004,0.0,0.8720908553820081,0.006063992568368719,log_perturbed_endpoint,H0,theta
150,-0.1,0.0,0.0,0.8748578003424625,0.005801009209345414,log_perturbed_endpoint,H0,theta
160,-0.1,0.0002,0.0,0.877808016841399,0.00544998912154137,log_perturbed_endpoint,H0,theta
170,-0.1,0.0004,0.0,0.8801333415022607,0.0051579806557424486,log_perturbed_endpoint,H0,theta
180,-0.1,0.0008,0.0,0.8829451421467689,0.004900282590718988,log_perturbed_endpoint,H0,theta
190,-0.1,0.0008,0.0,0.885752432869715,0.004671411267306049,log_perturbed_endpoint,H0,theta
200,-0.1,0.0006,0.0,0.8880557200684943,0.004511649778866369,log_perturbed_endpoint,H0,theta
210,-0.1,0.0004,0.0,0.8910736921174097,0.004353211936493382,log_perturbed_endpoint,H0,theta
220,-0.1,0.0004,0.0,0.8936045700363373,0.004150645154923893,log_perturbed_endpoint,H0,theta
230,-0.1,0.0002,0.0,0.8957396822132542,0.003926930638362135,log_perturbed_endpoint,H0,theta
240,-0.1,0.0,0.0,0.8977932193382723,0.0037237550276982686,log_perturbed_endpoint,H0,theta
250,-0.1,0.0,0.0,0.8994583566527068,0.0035768764112345686,log_perturbed_endpoint,H0,theta
260,-0.1,0.0002,0.0,0.901173940138235,0.0034492246913118405,log_perturbed_endpoint,H0,theta
270,-0.1,0.0,0.0,0.903177042847849,0.0033553523934383004,log_perturbed_endpoint,H0,theta
280,-0.1,0.0,0.0,0.9050056033344427,0.0032593903594432057,log_perturbed_endpoint,H0,theta
290,-0.1,0.0002,0.0,0.9067998273321709,0.003170341861564555,log_perturbed_endpoint,H0,theta
300,-0.1,0.0006,0.0,0.9082286548681066,0.003098357913571957,log_perturbed_endpoint,H0,theta
310,-0.1,0.0006,0.0,0.9101426590639566,0.0030271779033660797,log_perturbed_endpoint,H0,theta
320,-0.1,0.0002,0.0,0.9117992915787363,0.0029395506576082794,log_perturbed_endpoint,H0,theta
330,-0.1,0.0006,0.0,0.913504463960833,0.002851485141268238,log_perturbed_endpoint,H0,theta
340,-0.1,0.0006,0.0,0.9149418493826023,0.0028052984079386316,log_perturbed_endpoint,H0,theta
350,-0.1,0.0004,0.0,0.916851608079829,0.0027435206374977505,log_perturbed_endpoint,H0,theta
360,-0.1,0.001,0.0,0.9186177647021133,0.002689568110379839,log_perturbed_endpoint,H0,theta
370,-0.1,0.0008,0.0,0.9201688531490448,0.0025985802857893914,log_perturbed_endpoint,H0,theta
380,-0.1,0.001,0.0,0.9219534245106974,0.002523090667844836,log_perturbed_endpoint,H0,theta
390,-0.1,0.0002,0.0,0.923633466358469,0.0024659888066377133,log_perturbed_endpoint,H0,theta
400,-0.1,0.0006,0.0,0.9253290303123572,0.002385814308210685,log_perturbed_endpoint,H0,theta
410,-0.1,0.0008,0.0,0.9268615166264903,0.002344894153854786,log_perturbed_endpoint,H0,theta
420,-0.1,0.001,0.0,0.9282592324383754,0.0022847300290902055,log_perturbed_endpoint,H0,theta
430,-0.1,0.0012,0.0,0.9297756250073115,0.0022568381131679825,log_perturbed_endpoint,H0,theta
440,-0.1,0.0012,0.0,0.9314246052817076,0.002219466205025019,log_perturbed_endpoint,H0,theta
450,-0.1,0.001,0.0,0.9329713650744615,0.0021815328824204496,log_perturbed_endpoint,H0,theta
460,-0.1,0.0016,0.0,0.9344576427392647,0.0021395882742740032,log_perturbed_endpoint,H0,theta
470,-0.1,0.002,0.0,0.9359212606092493,0.0021046911111281537,log_perturbed_endpoint,H0,theta
480,-0.1,0.0016,0.0,0.9374754482935758,0.002038762601223095,log_perturbed_endpoint,H0,theta
490,-0.1,0.002,0.0,0.938907543071454,0.002007136596653201,log_perturbed_endpoint,H0,theta
500,-0.1,0.0014,0.0,0.9402885562769839,0.0019815097028143764,log_perturbed_endpoint,H0,theta
10,0.0,0.0948,0.0068,1.0415751289212132,0.15073866363268723,log_perturbed_endpoint,H0,theta
20,0.0,0.0736,0.0072,1.0169256502076252,0.06460343555803563,log_perturbed_endpoint,H0,theta
30,0.0,0.0732,0.0062,1.0136648757138187,0.043557248285215455,log_perturbed_endpoint,H0,theta
40,0.0,0.0706,0.0048,1.0154337353395295,0.03303762030322323,log_perturbed_endpoint,H0,theta
50,0.0,0.0738,0.0056,1.0097439666596395,0.02661245077925217,log_perturbed_endpoint,H0,theta
60,0.0,0.0694,0.0056,1.0082610329433308,0.021734266078678722,log_perturbed_endpoint,H0,theta
70,0.0,0.0726,0.0068,1.0095839311860435,0.018896199507155535,log_perturbed_endpoint,H0,theta
80,0.0,0.0724,0.0058,1.0088933243561122,0.016343032566239347,log_perturbed_endpoint,H0,theta
90,0.0,0.0684,0.006,1.0067516267129673,0.014204277284562241,log_perturbed_endpoint,H0,theta
100,0.0,0.0696,0.0068,1.0059033585513557,0.012780738112275567,log_perturbed_endpoint,H0,theta
110,0.0,0.0702,0.0068,1.0050574094980527,0.011862984437068288,log_perturbed_endpoint,H0,theta
120,0.0,0.0672,0.006,1.0052500982274457,0.01093762456531236,log_perturbed_endpoint,H0,theta
130,0.0,0.07,0.0054,1.0052375021800088,0.010057502338869899,log_perturbed_endpoint,H0,theta
140,0.0,0.064,0.0046,1.004638431685381,0.009379906233208772,log_perturbed_endpoint,H0,theta
150,0.0,0.063,0.0046,1.003497549564159,0.00871941872689029,log_perturbed_endpoint,H0,theta
160,0.0,0.0666,0.005,1.003271535403212,0.008159789347356384,log_perturbed_endpoint,H0,theta
170,0.0,0.0622,0.0052,1.0030351324942859,0.0076311709330645055,log_perturbed_endpoint,H0,theta
180,0.0,0.0642,0.004,1.0038297699281626,0.00726793288658424,log_perturbed_endpoint,H0,theta
190,0.0,0.0626,0.0044,1.004520052959605,0.006800611350190731,log_perturbed_endpoint,H0,theta
200,0.0,0.0652,0.0048,1.0035131922424532,0.006470838355048975,log_perturbed_endpoint,H0,theta
210,0.0,0.0658,0.0046,1.0038211430637025,0.0062115941003528154,log_perturbed_endpoint,H0,theta
220,0.0,0.0646,0.0044,1.0037933550001057,0.005850345519006605,log_perturbed_endpoint,H0,theta
230,0.0,0.0656,0.0044,1.0037075656155718,0.005507835064745914,log_perturbed_endpoint,H0,theta
240,0.0,0.0652,0.0042,1.0035258372710558,0.005271638905398763,log_perturbed_endpoint,H0,theta
250,0.0,0.0638,0.0042,1.0032060335308097,0.004965790870237608,log_perturbed_endpoint,H0,theta
260,0.0,0.0618,0.003,1.00326372926295,0.004764472768689067,log_perturbed_endpoint,H0,theta
270,0.0,0.0626,0.0034,1.0027514304460259,0.004576682591930256,log_perturbed_endpoint,H0,theta
280,0.0,0.0584,0.003,1.002305701877725,0.004424607192905295,log_perturbed_endpoint,H0,theta
290,0.0,0.0602,0.0036,1.0022269221109126,0.004312835783643445,log_perturbed_endpoint,H0,theta
300,0.0,0.0608,0.0034,1.0023306065792195,0.004201286396345875,log_perturbed_endpoint,H0,theta
310,0.0,0.0584,0.0034,1.0019067109199251,0.004053868294474943,log_perturbed_endpoint,H0,theta
320,0.0,0.0568,0.0026,1.0017105029967575,0.003903196257414927,log_perturbed_endpoint,H0,theta
330,0.0,0.057,0.0034,1.0016647568406538,0.00375781253783989,log_perturbed_endpoint,H0,theta
340,0.0,0.0556,0.0036,1.0016515349806563,0.0036157767508403077,log_perturbed_endpoint,H0,theta
350,0.0,0.0582,0.0032,1.0018874960451265,0.003537464378822869,log_perturbed_endpoint,H0,theta
360,0.0,0.0558,0.0028,1.0017554013316998,0.0034350974352713006,log_perturbed_endpoint,H0,theta
370,0.0,0.0566,0.0038,1.0017218366029332,0.0033370773411458285,log_perturbed_endpoint,H0,theta
380,0.0,0.0566,0.004,1.0016377527411289,0.003285732541692964,log_perturbed_endpoint,H0,theta
390,0.0,0.0598,0.0034,1.0016646508356863,0.0032626416628025183,log_perturbed_endpoint,H0,theta
400,0.0,0.0604,0.0026,1.0018558305385217,0.003192503992228311,log_perturbed_endpoint,H0,theta
410,0.0,0.0582,0.0032,1.001388093620062,0.0030884754677838262,log_perturbed_endpoint,H0,theta
420,0.0,0.059,0.0026,1.0013875069090823,0.003006115192701285,log_perturbed_endpoint,H0,theta
430,0.0,0.0582,0.0028,1.0013234678105118,0.00290398736971616,log_perturbed_endpoint,H0,theta
440,0.0,0.059,0.0028,1.0012996057136803,0.002846269778393406,log_perturbed_endpoint,H0,theta
450,0.0,0.0556,0.0028,1.001082894115396,0.0027497858218520172,log_perturbed_endpoint,H0,theta
460,0.0,0.0564,0.0024,1.0009211795980946,0.0026969605006201863,log_perturbed_endpoint,H0,theta
470,0.0,0.0548,0.0022,1.0009143687211655,0.002649056687581219,log_perturbed_endpoint,H0,theta
480,0.0,0.0552,0.0026,1.0007935986962817,0.002601767894648545,log_perturbed_endpoint,H0,theta
490,0.0,0.0514,0.002,1.0006226382945123,0.0025305209381971997,log_perturbed_endpoint,H0,theta
500,0.0,0.055,0.0022,1.0006826964459834,0.002489786379681089,log_perturbed_endpoint,H0,theta
10,0.05,0.1764,0.0374,1.152394926037,0.19069515603405282,log_perturbed_endpoint,H1,theta
20,0.05,0.191,0.039,1.133211154530473,0.09327949198408894,log_perturbed_endpoint,H1,theta
30,0.05,0.2096,0.0426,1.1209669551929677,0.06093959241360898,log_perturbed_endpoint,H1,theta
40,0.05,0.2202,0.0434,1.1136752633748068,0.04471737148590465,log_perturbed_endpoint,H1,theta
50,0.05,0.2202,0.0474,1.1062992494069468,0.03444293361651193,log_perturbed_endpoint,H1,theta
60,0.05,0.2406,0.047,1.1034423874815507,0.028641837261773974,log_perturbed_endpoint,H1,theta
70,0.05,0.2488,0.0512,1.0978939539858799,0.023553195332176508,log_perturbed_endpoint,H1,theta
80,0.05,0.246,0.0548,1.093472875832236,0.020277535818061992,log_perturbed_endpoint,H1,theta
90,0.05,0.2454,0.0546,1.0892902698025047,0.01764199897404415,log_perturbed_endpoint,H1,theta
100,0.05,0.2564,0.0568,1.0864757518100026,0.016064213010431216,log_perturbed_endpoint,H1,theta
110,0.05,0.2568,0.059,1.0837450768921133,0.014534056344181104,log_perturbed_endpoint,H1,theta
120,0.05,0.2596,0.0594,1.0813658087964602,0.01324787292173111,log_perturbed_endpoint,H1,theta
130,0.05,0.2624,0.0602,1.078854685105224,0.01254508809361032,log_perturbed_endpoint,H1,theta
140,0.05,0.2656,0.0614,1.0765733386726417,0.011516580531161863,log_perturbed_endpoint,H1,theta
150,0.05,0.2678,0.0612,1.0745877941584319,0.010736386399273365,log_perturbed_endpoint,H1,theta
160,0.05,0.2676,0.0626,1.0728384098153019,0.010055208627707361,log_perturbed_endpoint,H1,theta
170,0.05,0.2666,0.0634,1.071324757130933,0.009503095842141785,log_perturbed_endpoint,H1,theta
180,0.05,0.274,0.0648,1.0698220491707748,0.008999796859402824,log_perturbed_endpoint,H1,theta
190,0.05,0.2766,0.0658,1.0677707378421164,0.00833922910373061,log_perturbed_endpoint,H1,theta
200,0.05,0.276,0.0662,1.0659228956762061,0.007875082119498314,log_perturbed_endpoint,H1,theta
210,0.05,0.2782,0.0676,1.064316040113553,0.007533853227354684,log_perturbed_endpoint,H1,theta
220,0.05,0.2754,0.0696,1.0625818180005637,0.00714537819006961,log_perturbed_endpoint,H1,theta
230,0.05,0.2746,0.0686,1.0611130922987018,0.006797557163700994,log_perturbed_endpoint,H1,theta
240,0.05,0.2752,0.0712,1.0593568279948546,0.006567017108553816,log_perturbed_endpoint,H1,theta
250,0.05,0.2756,0.0702,1.0581844225377253,0.006320187572146849,log_perturbed_endpoint,H1,theta
260,0.05,0.2752,0.0708,1.0565340625255866,0.0059941337129826655,log_perturbed_endpoint,H1,theta
270,0.05,0.2744,0.0692,1.055367784090604,0.005828224687127526,log_perturbed_endpoint,H1,theta
280,0.05,0.2686,0.071,1.0538711196273771,0.005513281365266501,log_perturbed_endpoint,H1,theta
290,0.05,0.2682,0.0722,1.052473092180712,0.005292943931797968,log_perturbed_endpoint,H1,theta
300,0.05,0.2682,0.0732,1.0513051355988714,0.005073777998359107,log_perturbed_endpoint,H1,theta
310,0.05,0.2638,0.072,1.050442315182757,0.004924031070727043,log_perturbed_endpoint,H1,theta
320,0.05,0.2642,0.0728,1.0492871705938616,0.004723753543689326,log_perturbed_endpoint,H1,theta
330,0.05,0.2628,0.074,1.0480889337916575,0.004537220196986039,log_perturbed_endpoint,H1,theta
340,0.05,0.2578,0.0736,1.046918965281604,0.004383653433870553,log_perturbed_endpoint,H1,theta
350,0.05,0.2542,0.0724,1.046182148034425,0.004284682138703682,log_perturbed_endpoint,H1,theta
360,0.05,0.2544,0.073,1.0447905148646648,0.00415444471388123,log_perturbed_endpoint,H1,theta
370,0.05,0.2514,0.0734,1.043807656807017,0.003987017725425185,log_perturbed_endpoint,H1,theta
380,0.05,0.2468,0.071,1.0425237532354372,0.0038804705753891487,log_perturbed_endpoint,H1,theta
390,0.05,0.2428,0.0726,1.0415232364006075,0.003745937813432633,log_perturbed_endpoint,H1,theta
400,0.05,0.2448,0.071,1.0404261679163826,0.0036232130248718296,log_perturbed_endpoint,H1,theta
410,0.05,0.2418,0.0694,1.0394565915442617,0.0035553979128230386,log_perturbed_endpoint,H1,theta
420,0.05,0.2412,0.0698,1.0383351419878697,0.0034421349098197845,log_perturbed_endpoint,H1,theta
430,0.05,0.2364,0.069,1.0374632083708928,0.0033234223267445823,log_perturbed_endpoint,H1,theta
440,0.05,0.2364,0.069,1.0366315875688636,0.0032125887777824436,log_perturbed_endpoint,H1,theta
450,0.05,0.2318,0.0686,1.0356991819146661,0.0031444234949417676,log_perturbed_endpoint,H1,theta
460,0.05,0.2314,0.0698,1.0350218021718491,0.0030745519796110937,log_perturbed_endpoint,H1,theta
470,0.05,0.233,0.069,1.0342051827384113,0.002988216239813164,log_perturbed_endpoint,H1,theta
480,0.05,0.23,0.0686,1.03320269145337,0.002934240640713529,log_perturbed_endpoint,H1,theta
490,0.05,0.2264,0.0676,1.0323537566883114,0.002893609636120704,log_perturbed_endpoint,H1,theta
500,0.05,0.2234,0.0674,1.0315890628116116,0.0028010048232426864,log_perturbed_endpoint,H1,theta
10,0.1,0.2846,0.0936,1.2609454222740188,0.22848645082319227,log_perturbed_endpoint,H1,theta
20,0.1,0.354,0.119,1.2435060823915012,0.11161941365936705,log_perturbed_endpoint,H1,theta
30,0.1,0.4018,0.1386,1.2277293183879348,0.07477579670380055,log_perturbed_endpoint,H1,theta
40,0.1,0.4422,0.1544,1.2182337804744179,0.05588683328209171,log_perturbed_endpoint,H1,theta
50,0.1,0.4678,0.1746,1.204882576447323,0.04311628237958568,log_perturbed_endpoint,H1,theta
60,0.1,0.4962,0.1928,1.1958671178188895,0.03539629061983309,log_perturbed_endpoint,H1,theta
70,0.1,0.5132,0.2026,1.185426669569966,0.02937050028476392,log_perturbed_endpoint,H1,theta
80,0.1,0.5324,0.2136,1.176671412693882,0.024571538464567774,log_perturbed_endpoint,H1,theta
90,0.1,0.5378,0.2264,1.1708693462142037,0.02239388090170533,log_perturbed_endpoint,H1,theta
100,0.1,0.5554,0.2322,1.1669950963267997,0.020101920920447866,log_perturbed_endpoint,H1,theta
110,0.1,0.5754,0.2432,1.1630045310605848,0.018443260095705384,log_perturbed_endpoint,H1,theta
120,0.1,0.5854,0.2512,1.1569428618692688,0.01653550219917597,log_perturbed_endpoint,H1,theta
130,0.1,0.5936,0.2548,1.1529297991782046,0.015236277334457453,log_perturbed_endpoint,H1,theta
140,0.1,0.5924,0.2638,1.1487849563899657,0.013690228278495288,log_perturbed_endpoint,H1,theta
150,0.1,0.6022,0.267,1.1444994844605711,0.012561249818698137,log_perturbed_endpoint,H1,theta
160,0.1,0.6144,0.2716,1.1423219223047996,0.011662358351379402,log_perturbed_endpoint,H1,theta
170,0.1,0.6094,0.276,1.1382111798601282,0.010972256761663822,log_perturbed_endpoint,H1,theta
180,0.1,0.6152,0.2836,1.1350806543270355,0.010226505540586338,log_perturbed_endpoint,H1,theta
190,0.1,0.6196,0.2882,1.1312262897548826,0.009513161621917664,log_perturbed_endpoint,H1,theta
200,0.1,0.6178,0.2928,1.1276008680916247,0.009020541537015148,log_perturbed_endpoint,H1,theta
210,0.1,0.6184,0.2938,1.1245246015042272,0.008465685474839982,log_perturbed_endpoint,H1,theta
220,0.1,0.625,0.2992,1.1209205604871613,0.007906513402994616,log_perturbed_endpoint,H1,theta
230,0.1,0.6224,0.3012,1.1175189516578699,0.007630719140347625,log_perturbed_endpoint,H1,theta
240,0.1,0.6188,0.3012,1.1148651700413732,0.007333187676735719,log_perturbed_endpoint,H1,theta
250,0.1,0.6194,0.3034,1.1122011788615949,0.007001002217757256,log_perturbed_endpoint,H1,theta
260,0.1,0.6222,0.3052,1.1089830936089582,0.006646449004385361,log_perturbed_endpoint,H1,theta
270,0.1,0.6238,0.3076,1.1065680430496585,0.006439691804738249,log_perturbed_endpoint,H1,theta
280,0.1,0.6194,0.308,1.1040811516424396,0.00621283691573593,log_perturbed_endpoint,H1,theta
290,0.1,0.6118,0.3076,1.1017159366210836,0.006055569738025181,log_perturbed_endpoint,H1,theta
300,0.1,0.6198,0.3072,1.0992318163625812,0.005786441787948001,log_perturbed_endpoint,H1,theta
310,0.1,0.619,0.3078,1.0972000637214834,0.00552972338266098,log_perturbed_endpoint,H1,theta
320,0.1,0.6124,0.3094,1.0940664751879796,0.005365324750327646,log_perturbed_endpoint,H1,theta
330,0.1,0.6064,0.3074,1.0923362133889338,0.005170648155710336,log_perturbed_endpoint,H1,theta
340,0.1,0.605,0.312,1.0897074664583122,0.0049078989656570005,log_perturbed_endpoint,H1,theta
350,0.1,0.6032,0.3102,1.087587175869335,0.004855371861175834,log_perturbed_endpoint,H1,theta
360,0.1,0.5994,0.3106,1.08540695680518,0.004656649897265212,log_perturbed_endpoint,H1,theta
370,0.1,0.5912,0.311,1.0829642302454947,0.004576649366262186,log_perturbed_endpoint,H1,theta
380,0.1,0.59,0.3118,1.0809566475360397,0.004519236241388873,log_perturbed_endpoint,H1,theta
390,0.1,0.5852,0.312,1.0786266383252001,0.004297541043105271,log_perturbed_endpoint,H1,theta
400,0.1,0.5778,0.3122,1.0760843831010916,0.004213492695505315,log_perturbed_endpoint,H1,theta
410,0.1,0.5702,0.3112,1.0743230566989632,0.004124142308310745,log_perturbed_endpoint,H1,theta
420,0.1,0.5602,0.3112,1.0722163909971905,0.003956933637243978,log_perturbed_endpoint,H1,theta
430,0.1,0.557,0.3128,1.0699336237230266,0.003758266865506501,log_perturbed_endpoint,H1,theta
440,0.1,0.549,0.3114,1.068061681639216,0.003638759378698688,log_perturbed_endpoint,H1,theta
450,0.1,0.547,0.312,1.0660450121764244,0.0035127485149110617,log_perturbed_endpoint,H1,theta
460,0.1,0.5402,0.314,1.0642188525635154,0.003431188497663709,log_perturbed_endpoint,H1,theta
470,0.1,0.5352,0.3104,1.0626189814575928,0.0033833256796399246,log_perturbed_endpoint,H1,theta
480,0.1,0.5348,0.3118,1.0606198959020243,0.0032744955382184708,log_perturbed_endpoint,H1,theta
490,0.1,0.5296,0.3084,1.0592985074683527,0.0032065370102890753,log_perturbed_endpoint,H1,theta
500,0.1,0.5214,0.3042,1.0577163536849108,0.00310386594066775,log_perturbed_endpoint,H1,theta
10,0.2,0.5494,0.2792,1.5126583393365658,0.3508716949466575,log_perturbed_endpoint,H1,theta
20,0.2,0.6956,0.401,1.4496658278944339,0.15500028703888874,log_perturbed_endpoint,H1,theta
30,0.2,0.774,0.4778,1.427033279193058,0.10534883201143033,log_perturbed_endpoint,H1,theta
40,0.2,0.8278,0.538,1.4000572470032542,0.07347936527072527,log_perturbed_endpoint,H1,theta
50,0.2,0.863,0.5828,1.3808118828264933,0.05643364132081512,log_perturbed_endpoint,H1,theta
60,0.2,0.8906,0.6158,1.370269418261285,0.047346841755401416,log_perturbed_endpoint,H1,theta
70,0.2,0.9092,0.6498,1.3538616374157488,0.04035844746159544,log_perturbed_endpoint,H1,theta
80,0.2,0.9224,0.6774,1.3406919891890903,0.03388351082639247,log_perturbed_endpoint,H1,theta
90,0.2,0.933,0.6976,1.3294098772391545,0.029515018126033916,log_perturbed_endpoint,H1,theta
100,0.2,0.9346,0.7194,1.3133142746743232,0.02630143178072537,log_perturbed_endpoint,H1,theta
110,0.2,0.9414,0.73,1.3053946119164235,0.02446883309332854,log_perturbed_endpoint,H1,theta
120,0.2,0.9462,0.7426,1.2937918405455426,0.022503551837042314,log_perturbed_endpoint,H1,theta
130,0.2,0.9502,0.7548,1.2831568216192255,0.01941169010003244,log_perturbed_endpoint,H1,theta
140,0.2,0.9556,0.764,1.276444602087905,0.017746742769551502,log_perturbed_endpoint,H1,theta
150,0.2,0.9572,0.775,1.266863748373176,0.01607832871664648,log_perturbed_endpoint,H1,theta
160,0.2,0.9612,0.7846,1.26282106525167,0.014576567291998759,log_perturbed_endpoint,H1,theta
170,0.2,0.9642,0.7896,1.2563074392531817,0.013799345285996878,log_perturbed_endpoint,H1,theta
180,0.2,0.9666,0.7984,1.2491914577244485,0.012620101898791012,log_perturbed_endpoint,H1,theta
190,0.2,0.9662,0.8044,1.2417916175929669,0.011671999580827678,log_perturbed_endpoint,H1,theta
200,0.2,0.9688,0.8112,1.2335058478603311,0.010358752375745406,log_perturbed_endpoint,H1,theta
210,0.2,0.9664,0.8168,1.2251737363423403,0.010099717709574565,log_perturbed_endpoint,H1,theta
220,0.2,0.9676,0.8194,1.218479721709573,0.009672930677790226,log_perturbed_endpoint,H1,theta
230,0.2,0.9674,0.823,1.2115072182549913,0.009234985912293981,log_perturbed_endpoint,H1,theta
240,0.2,0.966,0.8258,1.2067374754324995,0.008942506043040378,log_perturbed_endpoint,H1,theta
250,0.2,0.9672,0.8294,1.1979819380638412,0.008181717020759654,log_perturbed_endpoint,H1,theta
260,0.2,0.967,0.8316,1.1938807192776186,0.00781445218368661,log_perturbed_endpoint,H1,theta
270,0.2,0.9648,0.8328,1.187310762199555,0.00727136134227442,log_perturbed_endpoint,H1,theta
280,0.2,0.9652,0.835,1.1816723783454004,0.006962880707103794,log_perturbed_endpoint,H1,theta
290,0.2,0.963,0.8352,1.1760211968591037,0.006532192745164453,log_perturbed_endpoint,H1,theta
300,0.2,0.9644,0.8346,1.1711553425613925,0.006379779851485859,log_perturbed_endpoint,H1,theta
310,0.2,0.963,0.8364,1.1663225924766936,0.006238533993651632,log_perturbed_endpoint,H1,theta
320,0.2,0.963,0.8368,1.1612537131721787,0.005862976896532521,log_perturbed_endpoint,H1,theta
330,0.2,0.9608,0.837,1.1572909082238148,0.005621931628779596,log_perturbed_endpoint,H1,theta
340,0.2,0.9596,0.8374,1.1531639378527183,0.00552410340170016,log_perturbed_endpoint,H1,theta
350,0.2,0.9598,0.8382,1.1493146400238854,0.00527138190240013,log_perturbed_endpoint,H1,theta
360,0.2,0.9594,0.8372,1.1447700023047291,0.005029823792079989,log_perturbed_endpoint,H1,theta
370,0.2,0.9572,0.8372,1.1399923965788268,0.004812808454299546,log_perturbed_endpoint,H1,theta
380,0.2,0.9544,0.8356,1.1347687541960667,0.004683331814108129,log_perturbed_endpoint,H1,theta
390,0.2,0.9536,0.836,1.131268652594909,0.004645643636221964,log_perturbed_endpoint,H1,theta
400,0.2,0.9524,0.8334,1.127230258147245,0.004504096255382464,log_perturbed_endpoint,H1,theta
410,0.2,0.9472,0.8336,1.1229683864754076,0.004439159513651162,log_perturbed_endpoint,H1,theta
420,0.2,0.9452,0.8346,1.1201524388312512,0.004362503180485012,log_perturbed_endpoint,H1,theta
430,0.2,0.9446,0.8332,1.1164614720930037,0.004307184361026606,log_perturbed_endpoint,H1,theta
440,0.2,0.9408,0.833,1.1129301752793572,0.00421493495496092,log_perturbed_endpoint,H1,theta
450,0.2,0.9364,0.8314,1.1097614861843947,0.004248402684484865,log_perturbed_endpoint,H1,theta
460,0.2,0.9332,0.8292,1.1064511913795354,0.0042371114670565774,log_perturbed_endpoint,H1,theta
470,0.2,0.9296,0.828,1.1027095567144216,0.004211903731767515,log_perturbed_endpoint,H1,theta
480,0.2,0.9246,0.8256,1.098688040893692,0.0040949307706356144,log_perturbed_endpoint,H1,theta
490,0.2,0.9214,0.825,1.0949762049080445,0.0038104876178945996,log_perturbed_endpoint,H1,theta
500,0.2,0.916,0.8232,1.0910531932051926,0.0037292574736762247,log_perturbed_endpoint,H1,theta
10,0.35,0.8374,0.6268,1.7921662842875168,0.46127081364007266,log_perturbed_endpoint,H1,theta
20,0.35,0.942,0.7922,1.7203621552300006,0.220700093262086,log_perturbed_endpoint,H1,theta
30,0.35,0.9734,0.868,1.673399823086273,0.1325421998146211,log_perturbed_endpoint,H1,theta
40,0.35,0.987,0.9122,1.6320039578395182,0.09462535777880254,log_perturbed_endpoint,H1,theta
50,0.35,0.994,0.9376,1.592883311785587,0.07674547547460332,log_perturbed_endpoint,H1,theta
60,0.35,0.9962,0.9546,1.569752790417692,0.06038260693560614,log_perturbed_endpoint,H1,theta
70,0.35,0.998,0.9664,1.5404407484048657,0.04284741713911854,log_perturbed_endpoint,H1,theta
80,0.35,0.9982,0.9736,1.5494469296123445,0.04970136966145395,log_perturbed_endpoint,H1,theta
90,0.35,0.999,0.9788,1.5446693677951946,0.036675967770668526,log_perturbed_endpoint,H1,theta
100,0.35,0.9994,0.9812,1.5426622518906443,0.038876520250269636,log_perturbed_endpoint,H1,theta
110,0.35,0.9994,0.985,1.5041250683181393,0.03583060525018135,log_perturbed_endpoint,H1,theta
120,0.35,0.9998,0.9882,1.473405699693199,0.032420213443502696,log_perturbed_endpoint,H1,theta
130,0.35,0.9996,0.9898,1.4389131124207488,0.030747574117748658,log_perturbed_endpoint,H1,theta
140,0.35,0.9998,0.9908,1.4208505304491241,0.02453150429102476,log_perturbed_endpoint,H1,theta
150,0.35,0.9998,0.991,1.4143589745053369,0.026750930704496335,log_perturbed_endpoint,H1,theta
160,0.35,0.9998,0.9918,1.3984081016022032,0.023767852952071337,log_perturbed_endpoint,H1,theta
170,0.35,0.9998,0.9926,1.3715361318360118,0.017230064904160968,log_perturbed_endpoint,H1,theta
180,0.35,0.9998,0.993,1.3648906324767835,0.02433006701228051,log_perturbed_endpoint,H1,theta
190,0.35,0.9998,0.9932,1.3668137819196777,0.02715700186781739,log_perturbed_endpoint,H1,theta
200,0.35,0.9996,0.9938,1.3314958388610223,0.022091682216838503,log_perturbed_endpoint,H1,theta
210,0.35,0.9996,0.9934,1.3351547390063525,0.02041594479615899,log_perturbed_endpoint,H1,theta
220,0.35,0.9996,0.994,1.3180065323809071,0.01817620075450083,log_perturbed_endpoint,H1,theta
230,0.35,0.9996,0.9938,1.3094061177373875,0.0168297506182048,log_perturbed_endpoint,H1,theta
240,0.35,0.9996,0.994,1.3038877640477515,0.017359235309105547,log_perturbed_endpoint,H1,theta
250,0.35,0.9994,0.9944,1.2796139449943664,0.015575520267044797,log_perturbed_endpoint,H1,theta
260,0.35,0.9994,0.9944,1.2830415165352218,0.01659605302329738,log_perturbed_endpoint,H1,theta
270,0.35,0.9992,0.9946,1.272298676034363,0.016562196529656067,log_perturbed_endpoint,H1,theta
280,0.35,0.9994,0.9944,1.2661322078363433,0.015346017114039708,log_perturbed_endpoint,H1,theta
290,0.35,0.9996,0.9944,1.2552323492381066,0.013403763954897485,log_perturbed_endpoint,H1,theta
300,0.35,0.9996,0.9944,1.2411676750828942,0.011957856310261925,log_perturbed_endpoint,H1,theta
310,0.35,0.9998,0.9948,1.2332017757365177,0.013648962107283495,log_perturbed_endpoint,H1,theta
320,0.35,0.9996,0.995,1.2173608626563792,0.010544973431044156,log_perturbed_endpoint,H1,theta
330,0.35,0.9994,0.9944,1.227615931260639,0.01359692629128296,log_perturbed_endpoint,H1,theta
340,0.35,0.9996,0.9948,1.2087521828521868,0.011198489277920429,log_perturbed_endpoint,H1,theta
350,0.35,0.9996,0.9948,1.2055974789854567,0.010242694128790895,log_perturbed_endpoint,H1,theta
360,0.35,0.9994,0.9946,1.1974895291652057,0.010430352680906141,log_perturbed_endpoint,H1,theta
370,0.35,0.9992,0.9946,1.1898064724589519,0.010177979808963528,log_perturbed_endpoint,H1,theta
380,0.35,0.9992,0.9948,1.1781370602340901,0.009031991133214061,log_perturbed_endpoint,H1,theta
390,0.35,0.999,0.9946,1.1677589003603528,0.00882775189714354,log_perturbed_endpoint,H1,theta
400,0.35,0.9984,0.9944,1.1556037114354303,0.007378846263517975,log_perturbed_endpoint,H1,theta
410,0.35,0.9984,0.9942,1.1547701479851389,0.007763756335298528,log_perturbed_endpoint,H1,theta
420,0.35,0.9982,0.9934,1.1602932385047064,0.0076437810945528435,log_perturbed_endpoint,H1,theta
430,0.35,0.9978,0.9936,1.1468582805590068,0.006471434046209948,log_perturbed_endpoint,H1,theta
440,0.35,0.9982,0.9934,1.1458493437046267,0.005924575417310056,log_perturbed_endpoint,H1,theta
450,0.35,0.9974,0.993,1.1315886719795418,0.005976229799945643,log_perturbed_endpoint,H1,theta
460,0.35,0.9976,0.993,1.1241906337345442,0.005923995948139625,log_perturbed_endpoint,H1,theta
470,0.35,0.9974,0.9926,1.1186325618166375,0.006023232205935427,log_perturbed_endpoint,H1,theta
480,0.35,0.9968,0.9926,1.1112054269729652,0.005943763275601658,log_perturbed_endpoint,H1,theta
490,0.35,0.9968,0.9922,1.1092458616705922,0.005916309133237927,log_perturbed_endpoint,H1,theta
500,0.35,0.9968,0.9922,1.101132441173752,0.005336818474127422,log_perturbed_endpoint,H1,theta
